{"stats":{"minecraft:used":{"minecraft:stone_pickaxe":32,"minecraft:wooden_pickaxe":9,"minecraft:stone_axe":76,"minecraft:dirt":6,"minecraft:crafting_table":2,"minecraft:white_bed":1,"alexsmobs:animal_dictionary":1,"minecraft:cooked_beef":2,"minecraft:smoker":1},"minecraft:mined":{"minecraft:white_bed":1,"minecraft:smoker":1,"minecraft:dandelion":2,"treechop:chopped_log":3,"minecraft:crafting_table":2,"minecraft:grass":45,"minecraft:grass_block":2,"minecraft:coal_ore":13,"minecraft:dirt":4,"minecraft:tall_grass":1,"minecraft:stone":21,"minecraft:sugar_cane":5},"minecraft:killed":{"minecraft:sheep":8,"minecraft:horse":1,"earthmobsmod:pinto_cow":5,"minecraft:cow":12},"minecraft:dropped":{"minecraft:wheat_seeds":6,"alexsmobs:acacia_blossom":1,"simplefarming:cantaloupe_seeds":2,"alexsmobs:animal_dictionary":1,"minecraft:brown_wool":1,"simplefarming:sweet_potato_seeds":2,"minecraft:acacia_sapling":12,"simplefarming:radish_seeds":1,"pfm:furniture_book":1,"minecraft:wooden_pickaxe":2,"minecraft:black_wool":1},"minecraft:custom":{"minecraft:time_since_rest":2535,"minecraft:sprint_one_cm":37775,"minecraft:damage_taken":20,"minecraft:walk_one_cm":13784,"minecraft:mob_kills":26,"minecraft:drop":16,"minecraft:damage_dealt":2520,"minecraft:swim_one_cm":303,"minecraft:interact_with_crafting_table":5,"minecraft:fly_one_cm":50139,"minecraft:crouch_one_cm":2469,"minecraft:play_time":14692,"minecraft:sneak_time":1084,"minecraft:walk_under_water_one_cm":137,"minecraft:jump":245,"minecraft:leave_game":1,"minecraft:walk_on_water_one_cm":547,"minecraft:time_since_death":14692,"minecraft:sleep_in_bed":1,"minecraft:interact_with_smoker":3,"minecraft:total_world_time":14692,"minecraft:fall_one_cm":5411},"minecraft:picked_up":{"minecraft:stick":1,"minecraft:crafting_table":2,"minecraft:smoker":1,"simplefarming:cantaloupe_seeds":2,"simplefarming:radish_seeds":1,"minecraft:brown_wool":1,"minecraft:leather":23,"minecraft:acacia_log":24,"alexsmobs:acacia_blossom":1,"minecraft:dandelion":1,"minecraft:wooden_pickaxe":2,"minecraft:white_bed":1,"minecraft:dirt":6,"minecraft:acacia_planks":1,"simplefarming:sweet_potato_seeds":2,"minecraft:wheat_seeds":6,"minecraft:beef":54,"minecraft:coal":13,"minecraft:black_wool":1,"minecraft:sugar_cane":11,"minecraft:mutton":12,"minecraft:acacia_sapling":12,"minecraft:white_wool":6,"minecraft:cobblestone":21},"minecraft:crafted":{"minecraft:cooked_beef":8,"minecraft:crafting_table":1,"minecraft:stick":8,"minecraft:wooden_pickaxe":1,"minecraft:stone_pickaxe":1,"minecraft:furnace":1,"minecraft:white_bed":1,"minecraft:acacia_planks":28,"minecraft:stone_axe":1,"minecraft:air":0,"minecraft:smoker":1}},"DataVersion":3465}