{"stats":{"minecraft:killed":{"minecraft:cave_spider":2,"minecraft:spider":6,"minecraft:skeleton":8,"minecraft:silverfish":3,"minecraft:magma_cube":4,"minecraft:pig":10,"minecraft:creeper":2,"alexsmobs:crimson_mosquito":4,"minecraft:sheep":17,"minecraft:pillager":1,"minecraft:zombie":24,"minecraft:stray":4,"minecraft:blaze":16,"minecraft:cow":14,"minecraft:slime":8,"minecraft:phantom":4,"minecraft:horse":2,"minecraft:bat":1,"minecraft:hoglin":24,"savage_and_ravage:iceologer":1,"alexsmobs:gazelle":2,"minecraft:wither_skeleton":93,"minecraft:enderman":1},"minecraft:mined":{"minecraft:dark_oak_planks":5,"create:deepslate_zinc_ore":1,"minecraft:cut_sandstone_slab":4,"minecraft:spruce_planks":2,"minecraft:white_bed":3,"minecraft:obsidian":7,"minecraft:granite":6,"minecraft:red_sand":6,"minecraft:grass_block":5,"minecraft:cracked_polished_blackstone_bricks":9,"minecraft:coal_block":3,"minecraft:soul_soil":4,"minecraft:nether_wart":3,"minecraft:gilded_blackstone":1,"minecraft:spawner":2,"minecraft:polished_blackstone_bricks":25,"minecraft:tall_seagrass":1,"minecraft:magma_block":5,"minecraft:iron_ore":49,"minecraft:fire":1,"minecraft:nether_brick_stairs":7,"minecraft:iron_bars":11,"minecraft:birch_wall_sign":1,"morevillagers:blueprint_table":1,"minecraft:player_head":2,"minecraft:cyan_terracotta":11,"minecraft:blackstone":75,"minecraft:smoker":3,"minecraft:crimson_nylium":1,"minecraft:torch":6,"minecraft:blast_furnace":2,"create:scoria":3,"minecraft:nether_brick_slab":1,"minecraft:nether_quartz_ore":1,"minecraft:cobblestone":5,"minecraft:oak_planks":1,"minecraft:seagrass":2,"minecraft:grass":24,"minecraft:oak_log":18,"minecraft:dirt":30,"minecraft:stonecutter":1,"minecraft:netherrack":245,"minecraft:oak_leaves":1,"minecraft:deepslate":1,"create:zinc_ore":2,"minecraft:tuff":2,"minecraft:blackstone_wall":2,"minecraft:ladder":2,"minecraft:nether_bricks":2,"morevillagers:gardening_table":2,"morevillagers:woodworking_table":3,"minecraft:furnace":2,"minecraft:red_sandstone":11,"minecraft:acacia_wood":2,"minecraft:andesite":27,"treechop:chopped_log":14,"morevillagers:hunting_post":3,"minecraft:peony":1,"minecraft:bookshelf":33,"minecraft:deepslate_iron_ore":17,"minecraft:rail":2,"minecraft:stripped_oak_log":1,"minecraft:stone":189,"minecraft:redstone_block":3,"minecraft:gray_concrete":1,"minecraft:soul_sand":3,"minecraft:crafting_table":8,"morevillagers:oceanography_table":2,"minecraft:tall_grass":1,"minecraft:copper_ore":12,"minecraft:deepslate_gold_ore":6,"minecraft:polished_blackstone_brick_stairs":1,"minecraft:diorite":7,"supplementaries:urn":2,"minecraft:gray_wool":1,"minecraft:red_terracotta":7,"minecraft:brick_slab":1,"minecraft:gray_bed":1,"minecraft:coal_ore":28,"farmersdelight:stove":3,"minecraft:cobweb":2,"minecraft:acacia_planks":1,"minecraft:stone_bricks":2,"minecraft:polished_andesite":2,"minecraft:gold_ore":1},"minecraft:crafted":{"minecraft:oak_planks":176,"minecraft:blaze_powder":2,"minecraft:bookshelf":3,"minecraft:chest":2,"minecraft:ender_eye":1,"minecraft:smoker":2,"minecraft:oak_slab":30,"minecraft:cooked_porkchop":13,"minecraft:crafting_table":3,"minecraft:wooden_pickaxe":1,"minecraft:iron_helmet":1,"minecraft:fletching_table":2,"minecraft:birch_planks":4,"minecraft:lectern":3,"minecraft:iron_chestplate":1,"minecraft:shield":1,"minecraft:stick":36,"minecraft:iron_pickaxe":1,"villagertools:knowledge":1,"minecraft:netherite_sword":1,"minecraft:iron_nugget":27,"minecraft:furnace":2,"minecraft:oak_trapdoor":2,"minecraft:iron_axe":2,"minecraft:stone_pickaxe":1,"sophisticatedbackpacks:iron_backpack":3,"mynethersdelight:cooked_loin":57,"minecraft:iron_sword":1,"sophisticatedbackpacks:gold_backpack":1,"minecraft:bucket":1,"minecraft:stone_axe":2,"minecraft:air":0,"minecraft:iron_leggings":1,"minecraft:white_bed":1,"minecraft:torch":52},"minecraft:custom":{"lootr:looted_stat":98,"minecraft:interact_with_crafting_table":31,"minecraft:open_barrel":2,"minecraft:eat_cake_slice":5,"minecraft:leave_game":5,"minecraft:time_since_death":129923,"minecraft:damage_resisted":0,"minecraft:sprint_one_cm":959655,"minecraft:damage_blocked_by_shield":218,"minecraft:drop":80,"minecraft:talked_to_villager":20,"minecraft:play_time":209684,"minecraft:deaths":5,"minecraft:jump":4218,"minecraft:walk_on_water_one_cm":13335,"minecraft:sleep_in_bed":2,"minecraft:waystone_activated":8,"minecraft:damage_dealt":73701,"minecraft:crouch_one_cm":32705,"tombstone:undead_killed":133,"minecraft:interact_with_smoker":22,"minecraft:mob_kills":258,"minecraft:damage_dealt_resisted":29,"minecraft:climb_one_cm":7660,"minecraft:walk_one_cm":533277,"minecraft:damage_dealt_absorbed":3219,"minecraft:sneak_time":22732,"minecraft:walk_under_water_one_cm":7591,"minecraft:total_world_time":209684,"spartanshields:shield_bash_hits":4,"tombstone:raider_killed":6,"minecraft:interact_with_stonecutter":1,"minecraft:time_since_rest":71884,"minecraft:damage_taken":14347,"minecraft:damage_absorbed":278,"minecraft:swim_one_cm":60815,"minecraft:fly_one_cm":960340,"minecraft:open_chest":5,"minecraft:fall_one_cm":149447},"minecraft:dropped":{"minecraft:nether_brick_stairs":8,"minecraft:oak_log":29,"minecraft:glass_bottle":2,"minecraft:crossbow":1,"minecraft:dirt":17,"minecraft:ice":1,"minecraft:iron_pickaxe":1,"minecraft:dark_oak_planks":4,"simplefarming:lettuce_seeds":1,"minecraft:blackstone":1,"minecraft:sugar_cane":6,"minecraft:golden_chestplate":2,"minecraft:netherite_sword":1,"minecraft:birch_sapling":4,"tombstone:gift":2,"minecraft:rotten_flesh":1,"minecraft:chainmail_chestplate":1,"supplementaries:ash":3,"minecraft:tipped_arrow":1,"minecraft:gunpowder":4,"create:scoria":2,"minecraft:melon_seeds":2,"minecraft:acacia_sapling":13,"minecraft:ladder":2,"tombstone:scroll_of_knowledge":1,"minecraft:leather_leggings":3,"morevillagers:woodworking_table":1,"minecraft:iron_bars":12,"minecraft:arrow":15,"minecraft:netherrack":2,"minecraft:enchanted_book":3,"minecraft:iron_ingot":9,"minecraft:wheat_seeds":4,"morevillagers:gardening_table":1,"minecraft:granite":6,"minecraft:gray_wool":2,"minecraft:golden_carrot":1,"minecraft:blackstone_wall":3,"tombstone:grave_dust":6,"minecraft:string":4,"minecraft:acacia_planks":2,"minecraft:nether_brick_slab":2,"alexsmobs:acacia_blossom":5,"minecraft:raw_copper":7,"minecraft:wither_skeleton_skull":1,"minecraft:nether_bricks":1,"minecraft:red_terracotta":1,"minecraft:diamond_sword":1,"minecraft:peony":1,"minecraft:iron_chestplate":1,"minecraft:andesite":2,"minecraft:oak_sapling":4,"minecraft:golden_sword":2,"minecraft:stone_pickaxe":1,"minecraft:dark_prismarine":4},"minecraft:broken":{"minecraft:stone_axe":1,"minecraft:iron_pickaxe":1,"minecraft:iron_helmet":2},"minecraft:used":{"minecraft:chest":2,"farmersdelight:stove":2,"minecraft:shield":7,"minecraft:iron_sword":158,"mynethersdelight:cooked_loin":29,"minecraft:rotten_flesh":2,"minecraft:iron_chestplate":1,"minecraft:snowball":13,"minecraft:obsidian":10,"minecraft:cyan_terracotta":8,"create:scoria":1,"minecraft:iron_helmet":3,"minecraft:netherite_boots":1,"minecraft:gray_bed":1,"minecraft:diamond_boots":1,"minecraft:oak_planks":31,"minecraft:stone_pickaxe":86,"minecraft:blackstone":11,"minecraft:wooden_pickaxe":12,"minecraft:golden_apple":7,"waystones:waystone":6,"minecraft:bread":23,"minecraft:lectern":3,"mynethersdelight:hoglin_loin":1,"minecraft:diamond_sword":1259,"minecraft:coal_block":1,"minecraft:oak_trapdoor":1,"minecraft:netherite_sword":6,"minecraft:flint_and_steel":1,"minecraft:netherrack":11,"minecraft:torch":113,"minecraft:dirt":17,"simplefarming:apple_sapling":1,"minecraft:chainmail_chestplate":5,"minecraft:golden_shovel":15,"minecraft:dark_oak_planks":11,"minecraft:iron_axe":182,"minecraft:golden_carrot":35,"minecraft:soul_soil":4,"minecraft:cooked_beef":4,"minecraft:iron_leggings":1,"minecraft:water_bucket":1,"minecraft:polished_andesite":2,"minecraft:baked_potato":6,"minecraft:stonecutter":1,"minecraft:fletching_table":2,"minecraft:polished_blackstone_bricks":9,"minecraft:crafting_table":11,"minecraft:white_bed":4,"minecraft:smoker":4,"minecraft:diamond_pickaxe":501,"minecraft:apple":5,"minecraft:iron_pickaxe":250,"tombstone:magic_scroll":1,"minecraft:stone_axe":144,"minecraft:cobblestone":71,"minecraft:potion":2,"minecraft:cooked_porkchop":17,"minecraft:bucket":2,"minecraft:diamond_leggings":2,"minecraft:splash_potion":2},"minecraft:picked_up":{"minecraft:redstone_block":2,"minecraft:diamond_sword":1,"minecraft:enchanted_book":7,"minecraft:string":10,"minecraft:soul_soil":4,"minecraft:raw_copper":7,"minecraft:iron_leggings":1,"minecraft:cobbled_deepslate":1,"mynethersdelight:cooked_loin":5,"minecraft:spruce_planks":1,"minecraft:redstone_torch":1,"minecraft:iron_pickaxe":1,"minecraft:coal_block":3,"minecraft:furnace":2,"minecraft:tipped_arrow":3,"apotheosis:gem":9,"minecraft:stick":15,"minecraft:torch":10,"minecraft:acacia_log":59,"minecraft:porkchop":25,"minecraft:sandstone_wall":7,"tombstone:grave_dust":32,"morevillagers:hunting_post":1,"minecraft:golden_chestplate":2,"minecraft:rotten_flesh":24,"create:scoria":3,"minecraft:blackstone_wall":3,"minecraft:cyan_terracotta":9,"supplementaries:ash":17,"minecraft:blaze_rod":1,"minecraft:obsidian":7,"minecraft:iron_bars":16,"minecraft:snowball":15,"minecraft:cobblestone":152,"minecraft:birch_log":6,"minecraft:andesite":16,"minecraft:smoker":2,"minecraft:flint":1,"minecraft:tuff":2,"minecraft:wither_skeleton_skull":3,"minecraft:dirt":60,"minecraft:lantern":1,"minecraft:bone":149,"minecraft:acacia_planks":4,"minecraft:stonecutter":1,"minecraft:wheat_seeds":8,"simplefarming:lettuce_seeds":2,"minecraft:oak_planks":3,"minecraft:cooked_porkchop":4,"mynethersdelight:hoglin_loin":128,"sophisticatedbackpacks:iron_backpack":2,"minecraft:nether_brick_stairs":8,"minecraft:red_terracotta":1,"minecraft:dark_prismarine":4,"minecraft:bundle":3,"minecraft:polished_andesite":2,"waystones:waystone":6,"minecraft:cracked_polished_blackstone_bricks":2,"minecraft:crossbow":2,"minecraft:granite":12,"minecraft:spruce_sign":1,"minecraft:chainmail_helmet":1,"minecraft:emerald":1,"minecraft:oak_sapling":4,"minecraft:netherrack":66,"minecraft:crafting_table":8,"minecraft:ladder":4,"minecraft:nether_wart":3,"minecraft:turtle_helmet":1,"minecraft:leather_leggings":5,"minecraft:wooden_pickaxe":1,"morevillagers:woodworking_table":1,"minecraft:iron_axe":1,"minecraft:blackstone":12,"morevillagers:gardening_table":1,"minecraft:netherite_sword":2,"minecraft:beef":26,"spartanweaponry:leather_longbow":1,"minecraft:player_head":6,"minecraft:light_gray_wool":1,"minecraft:sugar_cane":6,"minecraft:chest":1,"minecraft:birch_sapling":5,"minecraft:phantom_membrane":3,"minecraft:raw_iron":5,"minecraft:copper_ingot":39,"sophisticatedbackpacks:backpack":2,"minecraft:polished_blackstone_bricks":9,"minecraft:stone_button":15,"create:zinc_ingot":2,"minecraft:dark_oak_planks":15,"minecraft:arrow":37,"minecraft:peony":1,"minecraft:nether_bricks":1,"minecraft:diamond_boots":1,"minecraft:gold_ingot":7,"minecraft:mutton":25,"minecraft:rail":2,"minecraft:white_wool":16,"minecraft:stripped_oak_log":1,"minecraft:netherite_boots":1,"minecraft:golden_carrot":1,"minecraft:leather":26,"alexsmobs:acacia_blossom":5,"minecraft:acacia_wood":17,"minecraft:ice":1,"savage_and_ravage:creeper_spores":3,"minecraft:oak_log":105,"minecraft:chainmail_chestplate":2,"minecraft:gunpowder":9,"minecraft:stone_bricks":2,"minecraft:iron_ingot":60,"minecraft:stone_pickaxe":1,"tombstone:bag_of_seeds":1,"minecraft:gray_bed":1,"minecraft:acacia_sapling":13,"minecraft:soul_sand":3,"minecraft:book":102,"simplefarming:apple_sapling":1,"minecraft:quartz":1,"minecraft:blast_furnace":2,"minecraft:white_bed":3,"minecraft:nether_brick_slab":2,"minecraft:spider_eye":4,"minecraft:brick_slab":1,"minecraft:slime_ball":7,"minecraft:chainmail_leggings":1,"minecraft:iron_helmet":2,"minecraft:gray_wool":2,"tombstone:magic_scroll":6,"minecraft:coal":137,"farmersdelight:stove":3,"minecraft:ender_pearl":1}},"DataVersion":3465}