{"stats":{"minecraft:killed":{"minecraft:cave_spider":7,"minecraft:spider":6,"minecraft:slime":1,"mowziesmobs:frostmaw":1,"minecraft:phantom":5,"minecraft:skeleton":17,"cataclysm:aptrgangr":2,"minecraft:drowned":1,"minecraft:piglin_brute":1,"minecraft:piglin":14,"minecraft:zombie_villager":2,"minecraft:hoglin":46,"minecraft:creeper":9,"alexsmobs:crimson_mosquito":14,"minecraft:zombie":54,"cataclysm:royal_draugr":6,"cataclysm:elite_draugr":1,"minecraft:stray":85,"cataclysm:draugr":6,"minecraft:wither_skeleton":62,"minecraft:cow":1,"minecraft:enderman":2,"minecraft:blaze":8},"minecraft:mined":{"minecraft:dark_prismarine":2,"minecraft:spruce_planks":2,"minecraft:white_bed":8,"minecraft:grass_block":4,"minecraft:crimson_roots":1,"minecraft:spruce_leaves":1,"minecraft:spawner":6,"minecraft:large_fern":1,"minecraft:hay_block":16,"minecraft:raw_iron_block":5,"minecraft:iron_ore":5,"minecraft:fire":3,"minecraft:acacia_wood":1,"minecraft:stripped_spruce_log":1,"treechop:chopped_log":2,"minecraft:nether_brick_stairs":2,"minecraft:iron_bars":11,"minecraft:player_head":4,"simplefarming:blueberry_bush":1,"minecraft:red_bed":4,"minecraft:torch":1,"delightful:pumpkin_pie":3,"minecraft:wither_skeleton_wall_skull":1,"minecraft:oak_planks":1,"minecraft:wall_torch":3,"minecraft:ice":2,"minecraft:blue_ice":2,"minecraft:grass":2,"minecraft:smooth_quartz":2,"minecraft:acacia_planks":1,"minecraft:fern":2},"minecraft:crafted":{"minecraft:oak_planks":48,"spartanshields:wooden_tower_shield":1,"minecraft:blaze_powder":2,"sophisticatedbackpacks:crafting_upgrade":1,"minecraft:iron_axe":1,"minecraft:iron_hoe":1,"minecraft:chest":1,"minecraft:ender_eye":1,"minecraft:wheat":153,"sophisticatedbackpacks:iron_backpack":2,"sophisticatedbackpacks:backpack":1,"minecraft:crafting_table":4,"cataclysm:cursed_eye":1,"minecraft:wooden_pickaxe":1,"sophisticatedbackpacks:gold_backpack":2,"minecraft:birch_planks":80,"sophisticatedbackpacks:upgrade_base":1,"minecraft:bread":48,"minecraft:diamond_pickaxe":1,"sophisticatedbackpacks:diamond_backpack":2,"minecraft:stick":12,"minecraft:wooden_axe":1,"minecraft:gold_ingot":9},"minecraft:custom":{"lootr:looted_stat":154,"minecraft:mob_kills":366,"minecraft:interact_with_crafting_table":15,"minecraft:open_barrel":3,"minecraft:damage_dealt_resisted":551,"minecraft:leave_game":2,"minecraft:time_since_death":6433,"minecraft:climb_one_cm":17254,"minecraft:damage_resisted":0,"minecraft:sprint_one_cm":977927,"minecraft:walk_one_cm":480573,"minecraft:damage_blocked_by_shield":1097,"minecraft:drop":64,"minecraft:damage_dealt_absorbed":333,"minecraft:talked_to_villager":1,"minecraft:play_time":204698,"minecraft:deaths":7,"minecraft:sneak_time":5708,"minecraft:walk_under_water_one_cm":19387,"minecraft:boat_one_cm":100336,"minecraft:jump":4778,"minecraft:walk_on_water_one_cm":15550,"minecraft:total_world_time":204698,"spartanshields:shield_bash_hits":1,"tombstone:raider_killed":5,"minecraft:sleep_in_bed":5,"minecraft:time_since_rest":6299,"minecraft:waystone_activated":7,"minecraft:damage_taken":12917,"minecraft:damage_absorbed":209,"minecraft:damage_dealt":52317,"minecraft:swim_one_cm":80924,"minecraft:fly_one_cm":2307595,"minecraft:open_chest":2,"minecraft:crouch_one_cm":7306,"tombstone:undead_killed":241,"minecraft:fall_one_cm":508204},"minecraft:dropped":{"minecraft:iron_ingot":15,"minecraft:birch_planks":64,"minecraft:ender_pearl":1,"cataclysm:cursed_eye":1,"mowziesmobs:ice_crystal":1,"minecraft:crossbow":1,"artifacts:cloud_in_a_bottle":2,"minecraft:leather":5,"cataclysm:stone_pillar":13,"cataclysm:black_steel_fence":15,"simplefarming:grape_seeds":1,"minecraft:map":5,"minecraft:snowball":25,"tombstone:grave_dust":1,"minecraft:bone_meal":1,"cataclysm:frosted_stone_bricks":2,"minecraft:dark_oak_planks":1,"minecraft:string":7,"simplefarming:squash_seeds":1,"minecraft:stone_brick_slab":1,"minecraft:bone":22,"cataclysm:frosted_stone_brick_slab":1,"minecraft:sugar_cane":4,"minecraft:nether_wart":4,"alexsmobs:animal_dictionary":1,"dungeons_plus:frosted_cowl":1,"tombstone:gift":1,"minecraft:rotten_flesh":4,"cataclysm:cursium_ingot":2,"minecraft:oak_planks":8,"cataclysm:frosted_stone_brick_stairs":3,"cataclysm:stone_tiles":5,"patchouli:guide_book":1,"supplementaries:ash":3,"minecraft:gunpowder":1,"cataclysm:frosted_stone_brick_wall":1,"minecraft:mossy_stone_bricks":2,"minecraft:leather_boots":1,"minecraft:golden_leggings":1,"minecraft:chest":1,"minecraft:stone_bricks":6,"minecraft:spider_eye":2,"pfm:furniture_book":1,"mynethersdelight:cooked_loin":7,"minecraft:arrow":2,"minecraft:bow":1,"minecraft:stone_brick_stairs":5},"minecraft:used":{"cataclysm:cursed_eye":6,"farmersdelight:onion_crate":1,"minecraft:flint_and_steel":1,"minecraft:shield":10,"mynethersdelight:cooked_loin":43,"minecraft:torch":71,"minecraft:dirt":4,"minecraft:bee_nest":1,"minecraft:nether_brick_stairs":1,"minecraft:obsidian":10,"minecraft:iron_hoe":19,"minecraft:wooden_axe":1,"minecraft:iron_axe":24,"minecraft:bow":50,"minecraft:golden_carrot":32,"minecraft:goat_horn":5,"minecraft:egg":1,"minecraft:cooked_beef":16,"minecraft:powder_snow_bucket":7,"minecraft:wheat_seeds":36,"minecraft:water_bucket":1,"minecraft:wither_skeleton_skull":1,"minecraft:diamond_axe":2,"minecraft:golden_apple":6,"minecraft:crafting_table":3,"supplementaries:bomb":3,"minecraft:red_bed":3,"minecraft:white_bed":6,"spartanweaponry:iron_battleaxe":1,"waystones:waystone":4,"minecraft:diamond_pickaxe":36,"minecraft:bread":59,"minecraft:iron_pickaxe":9,"spartanshields:diamond_tower_shield":5,"minecraft:diamond_sword":535,"minecraft:cobblestone":18,"minecraft:potion":1,"minecraft:cooked_porkchop":1,"minecraft:birch_log":10,"minecraft:bucket":7,"minecraft:experience_bottle":12},"minecraft:picked_up":{"sophisticatedbackpacks:gold_backpack":1,"minecraft:wheat":20,"minecraft:chainmail_boots":2,"minecraft:nether_wart":4,"minecraft:leather_leggings":2,"earthmobsmod:fancy_egg":1,"minecraft:stone_brick_wall":7,"minecraft:stone_brick_stairs":5,"minecraft:shield":1,"minecraft:golden_sword":1,"minecraft:red_bed":4,"minecraft:string":6,"alexsmobs:blood_sac":6,"minecraft:red_sand":1,"minecraft:gold_nugget":4,"minecraft:netherite_sword":1,"mynethersdelight:cooked_loin":50,"minecraft:spruce_planks":46,"minecraft:player_head":5,"minecraft:smooth_quartz":2,"minecraft:sugar_cane":4,"minecraft:chest":2,"cataclysm:pointed_icicle":2,"minecraft:phantom_membrane":4,"minecraft:egg":1,"minecraft:tipped_arrow":24,"minecraft:stick":18,"minecraft:raw_iron":5,"apotheosis:gem":5,"minecraft:torch":5,"minecraft:spruce_stairs":2,"sophisticatedbackpacks:backpack":1,"minecraft:golden_axe":2,"tombstone:grave_dust":8,"minecraft:redstone":4,"minecraft:dark_oak_planks":8,"minecraft:arrow":68,"minecraft:rotten_flesh":27,"cataclysm:black_steel_ingot":7,"minecraft:diamond_boots":1,"minecraft:hay_block":17,"mowziesmobs:ice_crystal":2,"tombstone:essence_of_undeath":2,"sophisticatedbackpacks:copper_backpack":2,"supplementaries:ash":37,"minecraft:blaze_rod":2,"cataclysm:stone_pillar":13,"minecraft:mutton":3,"minecraft:iron_bars":4,"minecraft:snowball":27,"cataclysm:black_steel_fence":15,"minecraft:cooked_beef":8,"minecraft:dark_oak_button":2,"minecraft:golden_leggings":1,"minecraft:leather":12,"minecraft:acacia_wood":1,"minecraft:ice":55,"savage_and_ravage:creeper_spores":2,"minecraft:oak_log":12,"minecraft:chainmail_chestplate":1,"artifacts:cloud_in_a_bottle":1,"minecraft:gunpowder":2,"minecraft:wither_skeleton_skull":1,"cataclysm:frosted_stone_brick_stairs":3,"alexsmobs:mosquito_proboscis":1,"minecraft:dirt":4,"tombstone:gift":1,"simplefarming:grape_seeds":1,"minecraft:leather_boots":1,"simplefarming:cucumber_seeds":1,"minecraft:bone":115,"minecraft:stone_bricks":6,"minecraft:bow":3,"cataclysm:cursium_ingot":4,"minecraft:wheat_seeds":38,"tombstone:receptacle_of_familiar":1,"cataclysm:frosted_stone_brick_wall":1,"minecraft:iron_ingot":1,"minecraft:stone_pickaxe":1,"minecraft:mossy_stone_bricks":2,"minecraft:oak_planks":1,"minecraft:iron_sword":1,"minecraft:cooked_porkchop":1,"cataclysm:frosted_stone_bricks":2,"minecraft:stone_brick_slab":1,"cataclysm:cursed_eye":7,"minecraft:raw_iron_block":5,"minecraft:gravel":1,"minecraft:stripped_spruce_log":1,"minecraft:nether_brick_stairs":1,"simplefarming:squash_seeds":1,"minecraft:white_bed":6,"cataclysm:black_steel_nugget":16,"minecraft:spider_eye":3,"cataclysm:stone_tiles":5,"minecraft:dark_prismarine":2,"cataclysm:frosted_stone_brick_slab":1,"minecraft:bundle":2,"cataclysm:black_steel_sword":2,"minecraft:soul_lantern":2,"waystones:waystone":5,"minecraft:iron_helmet":1,"minecraft:crossbow":1,"minecraft:bone_meal":2,"minecraft:golden_apple":6,"minecraft:bread":16,"tombstone:magic_scroll":3,"minecraft:oak_sapling":2,"minecraft:coal":6,"minecraft:ender_pearl":1}},"DataVersion":3465}