{"stats":{"minecraft:mined":{"minecraft:red_nether_bricks":1,"minecraft:dark_oak_fence":2,"minecraft:grass_block":22,"morevillagers:woodworking_table":1,"minecraft:spawner":6,"minecraft:red_nether_brick_stairs":1,"minecraft:fire":18,"treechop:chopped_log":3,"morevillagers:hunting_post":1,"minecraft:iron_bars":1,"morevillagers:blueprint_table":2,"minecraft:stone":243,"minecraft:redstone_wall_torch":1,"minecraft:oak_slab":1,"minecraft:gray_concrete":1,"minecraft:glass_pane":2,"minecraft:cyan_terracotta":2,"minecraft:blue_stained_glass":1,"minecraft:crafting_table":2,"morevillagers:oceanography_table":1,"minecraft:copper_ore":8,"minecraft:tall_grass":2,"minecraft:cobblestone":19,"minecraft:diorite":1,"minecraft:wall_torch":4,"farmersdelight:wild_beetroots":1,"minecraft:birch_planks":11,"farmersdelight:sandy_shrub":1,"minecraft:birch_log":2,"minecraft:ice":19,"minecraft:grass":6,"minecraft:coal_ore":26,"minecraft:dirt":42,"minecraft:netherrack":2,"minecraft:mossy_stone_bricks":1},"minecraft:killed":{"savage_and_ravage:skeleton_villager":1,"minecraft:cave_spider":1,"earthmobsmod:hyper_rabbit":1,"minecraft:spider":7,"minecraft:phantom":1,"minecraft:horse":3,"minecraft:skeleton":4,"earthmobsmod:stray_bone_spider":1,"earthmobsmod:zombified_rabbit":1,"minecraft:silverfish":7,"alexsmobs:soul_vulture":2,"alexsmobs:tusklin":4,"minecraft:piglin":4,"minecraft:pig":6,"earthmobsmod:skeleton_wolf":3,"minecraft:iron_golem":1,"earthmobsmod:lobber_zombie":1,"alexsmobs:crimson_mosquito":9,"minecraft:sheep":4,"friendsandfoes:wildfire":1,"minecraft:pillager":8,"minecraft:zombie":16,"minecraft:ghast":1,"minecraft:stray":9,"minecraft:wither_skeleton":2,"minecraft:blaze":10,"minecraft:enderman":2,"minecraft:cow":5},"minecraft:crafted":{"minecraft:oak_planks":64,"minecraft:iron_boots":1,"minecraft:stone_pickaxe":1,"minecraft:chest":1,"sophisticatedbackpacks:iron_backpack":1,"minecraft:wooden_shovel":1,"sophisticatedbackpacks:backpack":1,"minecraft:crafting_table":2,"minecraft:wooden_pickaxe":2,"minecraft:iron_helmet":1,"sophisticatedbackpacks:gold_backpack":1,"minecraft:oak_wood":3,"minecraft:stone_axe":1,"farmersdelight:bacon_and_eggs":11,"minecraft:iron_chestplate":1,"minecraft:stick":48,"minecraft:wooden_axe":1,"minecraft:torch":116},"minecraft:custom":{"lootr:looted_stat":91,"minecraft:mob_kills":118,"minecraft:inspect_hopper":1,"minecraft:interact_with_crafting_table":18,"minecraft:open_barrel":14,"minecraft:bell_ring":4,"minecraft:damage_dealt_resisted":0,"minecraft:eat_cake_slice":2,"minecraft:leave_game":3,"minecraft:time_since_death":129289,"minecraft:climb_one_cm":12087,"minecraft:damage_resisted":0,"minecraft:sprint_one_cm":665192,"minecraft:walk_one_cm":441349,"minecraft:drop":195,"minecraft:damage_dealt_absorbed":1671,"minecraft:talked_to_villager":12,"minecraft:play_time":192704,"minecraft:deaths":2,"minecraft:sneak_time":3419,"minecraft:walk_under_water_one_cm":27426,"minecraft:jump":4190,"minecraft:walk_on_water_one_cm":17263,"minecraft:total_world_time":192704,"tombstone:raider_killed":9,"minecraft:traded_with_villager":11,"guardvillagers:guards_made":1,"minecraft:interact_with_grindstone":1,"minecraft:sleep_in_bed":2,"minecraft:time_since_rest":71884,"minecraft:waystone_activated":5,"minecraft:damage_absorbed":197,"minecraft:damage_taken":9058,"minecraft:damage_dealt":18525,"tombstone:cast_on_ally":0,"minecraft:fly_one_cm":1536135,"minecraft:swim_one_cm":81655,"minecraft:open_chest":8,"minecraft:crouch_one_cm":2672,"tombstone:undead_killed":41,"minecraft:interact_with_smoker":1,"minecraft:fall_one_cm":407685},"minecraft:dropped":{"minecraft:nether_brick_stairs":4,"minecraft:enchanted_book":3,"minecraft:birch_planks":3,"minecraft:porkchop":1,"minecraft:crossbow":1,"minecraft:cobblestone":201,"minecraft:lantern":1,"artifacts:cloud_in_a_bottle":1,"minecraft:apple":1,"minecraft:cyan_terracotta":1,"minecraft:dirt":6,"minecraft:ice":2,"minecraft:diorite":7,"minecraft:snowball":2,"tombstone:grave_dust":4,"minecraft:fire_charge":2,"minecraft:gold_nugget":1,"minecraft:bone_meal":14,"simplefarming:lettuce_seeds":1,"minecraft:acacia_planks":2,"minecraft:bone":12,"alexsmobs:animal_dictionary":1,"minecraft:raw_copper":26,"minecraft:bowl":2,"minecraft:rotten_flesh":5,"minecraft:stripped_acacia_wood":15,"minecraft:nether_bricks":1,"patchouli:guide_book":1,"minecraft:red_nether_brick_stairs":1,"minecraft:poppy":4,"supplementaries:ash":7,"alexsmobs:blood_sac":6,"minecraft:shroomlight":6,"minecraft:iron_chestplate":1,"minecraft:andesite":12,"minecraft:beetroot_seeds":1,"minecraft:melon_seeds":2,"apotheosis:gem":4,"minecraft:ladder":1,"minecraft:oak_sapling":5,"minecraft:spider_eye":1,"pfm:furniture_book":1,"minecraft:slime_ball":2,"minecraft:red_nether_bricks":1,"minecraft:red_sand":2,"minecraft:stone_pickaxe":1,"minecraft:beef":1,"minecraft:wooden_pickaxe":1},"minecraft:broken":{"minecraft:iron_boots":1,"minecraft:golden_shovel":1,"minecraft:iron_pickaxe":1,"minecraft:iron_helmet":1,"minecraft:wooden_axe":1},"minecraft:used":{"minecraft:flint_and_steel":3,"minecraft:iron_sword":41,"earthmobsmod:fancy_egg":1,"minecraft:wooden_shovel":14,"minecraft:iron_chestplate":2,"minecraft:torch":96,"minecraft:mutton":1,"minecraft:carrot":46,"minecraft:golden_shovel":33,"minecraft:honey_bottle":10,"minecraft:wooden_axe":30,"minecraft:lava_bucket":19,"minecraft:iron_axe":17,"minecraft:iron_helmet":1,"minecraft:iron_boots":1,"minecraft:barrel":2,"minecraft:item_frame":2,"minecraft:diamond_chestplate":2,"minecraft:bow":46,"minecraft:golden_carrot":15,"minecraft:beef":5,"tombstone:gift":2,"minecraft:potato":28,"minecraft:cooked_mutton":3,"minecraft:water_bucket":11,"minecraft:stone_pickaxe":86,"minecraft:baked_potato":10,"farmersdelight:golden_knife":41,"minecraft:wooden_pickaxe":5,"minecraft:cookie":6,"minecraft:crafting_table":3,"supplementaries:bomb":1,"minecraft:crossbow":1,"minecraft:campfire":1,"minecraft:gray_concrete":1,"farmersdelight:bacon_and_eggs":11,"minecraft:apple":3,"minecraft:stone_button":2,"minecraft:iron_pickaxe":250,"minecraft:stone_axe":71,"minecraft:diamond_sword":197,"minecraft:cobblestone":79,"minecraft:porkchop":2,"minecraft:cooked_porkchop":20,"minecraft:andesite":1,"minecraft:bucket":30,"minecraft:ice":1,"alexsmobs:animal_dictionary":1,"minecraft:experience_bottle":49},"minecraft:picked_up":{"minecraft:crafting_table":2,"minecraft:ladder":1,"minecraft:diamond_sword":1,"earthmobsmod:fancy_egg":1,"minecraft:enchanted_book":6,"minecraft:golden_shovel":1,"minecraft:string":10,"minecraft:raw_copper":26,"minecraft:iron_axe":1,"minecraft:red_nether_bricks":1,"minecraft:iron_leggings":1,"minecraft:item_frame":2,"minecraft:experience_bottle":1,"minecraft:shroomlight":7,"morevillagers:gardening_table":1,"alexsmobs:blood_sac":7,"minecraft:red_sand":2,"minecraft:gold_nugget":1,"earthmobsmod:duck_egg":1,"minecraft:beef":6,"minecraft:white_tulip":1,"farmersdelight:straw":1,"minecraft:redstone_torch":1,"minecraft:poppy":4,"minecraft:egg":1,"minecraft:tipped_arrow":4,"minecraft:stick":8,"apotheosis:gem":5,"minecraft:torch":9,"minecraft:bowl":1,"minecraft:porkchop":3,"minecraft:stone_button":2,"tombstone:grave_dust":4,"minecraft:diorite":7,"minecraft:golden_chestplate":1,"minecraft:dark_oak_planks":1,"minecraft:arrow":21,"minecraft:rotten_flesh":8,"minecraft:beetroot_seeds":1,"minecraft:nether_bricks":3,"minecraft:cyan_terracotta":1,"tombstone:essence_of_undeath":1,"supplementaries:ash":9,"minecraft:mutton":1,"minecraft:snowball":2,"minecraft:iron_bars":2,"minecraft:cobblestone":259,"minecraft:white_wool":4,"minecraft:birch_log":2,"minecraft:cooked_beef":1,"minecraft:andesite":13,"minecraft:leather":10,"minecraft:acacia_wood":12,"minecraft:ice":3,"minecraft:birch_planks":15,"minecraft:oak_log":17,"artifacts:cloud_in_a_bottle":1,"minecraft:gray_concrete":1,"minecraft:dirt":34,"minecraft:lantern":1,"minecraft:cooked_mutton":4,"minecraft:bone":20,"minecraft:red_nether_brick_stairs":1,"minecraft:acacia_planks":2,"minecraft:apple":1,"minecraft:bow":1,"minecraft:wheat_seeds":1,"simplefarming:lettuce_seeds":1,"minecraft:rabbit_hide":1,"minecraft:iron_ingot":14,"friendsandfoes:wildfire_crown_fragment":3,"minecraft:iron_sword":1,"minecraft:oak_slab":1,"minecraft:cooked_porkchop":16,"minecraft:stripped_acacia_wood":28,"minecraft:nether_brick_stairs":4,"minecraft:spider_eye":3,"minecraft:leather_helmet":1,"minecraft:slime_ball":4,"minecraft:crossbow":1,"minecraft:birch_sign":1,"minecraft:bone_meal":12,"minecraft:emerald":7,"tombstone:magic_scroll":1,"minecraft:oak_sapling":5,"minecraft:melon_seeds":2,"minecraft:netherrack":1,"minecraft:coal":22,"minecraft:ender_pearl":1}},"DataVersion":3465}