{"stats":{"minecraft:killed":{"minecraft:cave_spider":4,"minecraft:spider":5,"minecraft:phantom":1,"minecraft:skeleton":5,"cataclysm:aptrgangr":1,"minecraft:piglin":5,"alexsmobs:grizzly_bear":1,"cataclysm:maledictus":1,"minecraft:hoglin":4,"alexsmobs:crimson_mosquito":4,"minecraft:sheep":3,"minecraft:zombie":6,"cataclysm:royal_draugr":3,"cataclysm:elite_draugr":2,"minecraft:stray":17,"cataclysm:draugr":7,"minecraft:wither_skeleton":5,"minecraft:blaze":1,"minecraft:cow":2},"minecraft:mined":{"minecraft:dark_oak_planks":11,"minecraft:dark_prismarine":2,"minecraft:white_bed":3,"minecraft:grass_block":41,"minecraft:spruce_leaves":4,"minecraft:spawner":16,"minecraft:large_fern":6,"minecraft:hay_block":29,"minecraft:fire":5,"minecraft:acacia_wood":2,"treechop:chopped_log":2,"minecraft:deepslate_lapis_ore":1,"minecraft:nether_brick_stairs":2,"minecraft:mossy_stone_brick_stairs":1,"minecraft:vine":3,"minecraft:iron_bars":12,"minecraft:packed_ice":2,"minecraft:stone":2,"minecraft:player_head":1,"minecraft:brown_stained_glass_pane":2,"minecraft:medium_amethyst_bud":2,"minecraft:red_bed":1,"minecraft:polished_granite":1,"minecraft:torch":3,"minecraft:crafting_table":6,"minecraft:dark_oak_wood":2,"minecraft:stone_slab":1,"minecraft:tall_grass":4,"minecraft:wither_skeleton_wall_skull":1,"minecraft:cobblestone":10,"minecraft:oak_planks":2,"minecraft:blue_ice":9,"minecraft:ice":11,"minecraft:grass":9,"delightful:mini_melon":3,"minecraft:smooth_quartz":2,"minecraft:gravel":1,"minecraft:dirt":42,"structure_gel:dynamic_spawner":3,"minecraft:acacia_planks":1,"minecraft:stone_bricks":1,"minecraft:mossy_stone_bricks":2,"minecraft:deepslate":5,"minecraft:fern":1},"minecraft:crafted":{"minecraft:oak_planks":36,"minecraft:stone_shovel":1,"minecraft:dark_oak_boat":1,"minecraft:stone_pickaxe":1,"minecraft:chest":3,"minecraft:dark_oak_planks":64,"sophisticatedbackpacks:iron_backpack":1,"minecraft:wheat":216,"sophisticatedbackpacks:backpack":2,"minecraft:diamond_axe":1,"minecraft:crafting_table":4,"minecraft:spruce_planks":4,"minecraft:wooden_pickaxe":1,"sophisticatedbackpacks:gold_backpack":1,"minecraft:dark_oak_button":2,"minecraft:stone_axe":1,"minecraft:bread":75,"minecraft:golden_leggings":1,"sophisticatedbackpacks:diamond_backpack":1,"minecraft:stick":28,"minecraft:wooden_axe":1,"minecraft:gold_ingot":18},"minecraft:custom":{"lootr:looted_stat":130,"minecraft:mob_kills":80,"minecraft:interact_with_crafting_table":17,"minecraft:open_barrel":4,"minecraft:damage_dealt_resisted":0,"minecraft:leave_game":2,"minecraft:time_since_death":68185,"minecraft:climb_one_cm":30866,"minecraft:damage_resisted":0,"minecraft:sprint_one_cm":721832,"minecraft:walk_one_cm":506700,"minecraft:damage_blocked_by_shield":2599,"minecraft:drop":169,"minecraft:damage_dealt_absorbed":184,"minecraft:talked_to_villager":6,"minecraft:play_time":191202,"minecraft:deaths":7,"minecraft:sneak_time":4845,"minecraft:walk_under_water_one_cm":11477,"minecraft:boat_one_cm":211144,"minecraft:jump":2898,"tombstone:kill_undead_boss":1,"minecraft:walk_on_water_one_cm":19460,"minecraft:total_world_time":191202,"spartanshields:shield_bash_hits":5,"tombstone:raider_killed":2,"minecraft:interact_with_loom":1,"minecraft:sleep_in_bed":5,"minecraft:time_since_rest":6581,"minecraft:waystone_activated":4,"minecraft:damage_taken":10851,"minecraft:damage_absorbed":210,"minecraft:damage_dealt":20385,"tombstone:cast_on_ally":0,"minecraft:fly_one_cm":608050,"minecraft:swim_one_cm":42588,"minecraft:open_chest":3,"minecraft:crouch_one_cm":6318,"tombstone:undead_killed":48,"minecraft:fall_one_cm":102048,"minecraft:inspect_dispenser":1},"minecraft:dropped":{"minecraft:bread":16,"minecraft:wheat_seeds":2,"minecraft:cooked_beef":7,"minecraft:glass_bottle":3,"cataclysm:cursed_eye":3,"minecraft:cooked_porkchop":1,"mowziesmobs:ice_crystal":1,"minecraft:crossbow":2,"minecraft:dark_oak_button":4,"cataclysm:stone_pillar":9,"minecraft:spruce_stairs":4,"minecraft:chainmail_helmet":1,"simplefarming:grape_seeds":2,"minecraft:golden_apple":6,"minecraft:stick":16,"farmersdelight:golden_knife":1,"minecraft:packed_ice":2,"minecraft:ice":1,"minecraft:mutton":6,"minecraft:diamond_helmet":2,"tombstone:grave_dust":4,"cataclysm:frosted_stone_bricks":9,"minecraft:dark_oak_planks":7,"minecraft:fishing_rod":1,"earthmobsmod:duck_egg":1,"minecraft:white_wool":1,"minecraft:acacia_planks":1,"minecraft:spruce_sapling":1,"minecraft:redstone":1,"minecraft:bone":43,"minecraft:stone_axe":1,"minecraft:goat_horn":1,"mynethersdelight:hoglin_loin":5,"minecraft:player_head":1,"minecraft:golden_chestplate":1,"alexsmobs:animal_dictionary":1,"minecraft:cobbled_deepslate":3,"minecraft:netherite_sword":1,"tombstone:gift":2,"minecraft:stone_shovel":1,"minecraft:beetroot":15,"minecraft:rotten_flesh":25,"minecraft:iron_boots":1,"minecraft:oak_planks":7,"minecraft:smoker":1,"cataclysm:stone_tiles":6,"patchouli:guide_book":1,"minecraft:filled_map":1,"cataclysm:stone_tile_stairs":4,"supplementaries:ash":2,"minecraft:shield":1,"minecraft:gunpowder":2,"minecraft:spruce_planks":44,"minecraft:bundle":2,"minecraft:golden_leggings":1,"cataclysm:black_steel_sword":2,"minecraft:oak_sapling":4,"minecraft:chest":1,"minecraft:stone_bricks":29,"minecraft:golden_sword":1,"minecraft:leather_leggings":2,"minecraft:spider_eye":1,"pfm:furniture_book":1,"mynethersdelight:cooked_loin":2,"minecraft:iron_bars":2,"minecraft:beef":2,"minecraft:stone_pickaxe":1,"minecraft:wooden_pickaxe":1,"waystones:waystone":1,"minecraft:stone_brick_stairs":8,"minecraft:dark_prismarine":4,"minecraft:polished_granite":1,"artifacts:snowshoes":1},"minecraft:broken":{"minecraft:leather_leggings":1,"minecraft:iron_chestplate":1,"minecraft:shield":1,"minecraft:wooden_axe":1},"minecraft:used":{"minecraft:beetroot":6,"cataclysm:cursed_eye":3,"minecraft:trident":26,"minecraft:netherite_sword":59,"minecraft:iron_bars":4,"minecraft:flint_and_steel":36,"minecraft:stone_shovel":83,"minecraft:shield":88,"minecraft:iron_sword":1,"mynethersdelight:cooked_loin":67,"minecraft:iron_chestplate":2,"minecraft:torch":62,"minecraft:dirt":82,"minecraft:carrot":5,"minecraft:diamond_helmet":3,"dungeons_plus:frosted_cowl":1,"minecraft:wooden_axe":33,"minecraft:dark_oak_planks":37,"minecraft:stone_bricks":4,"minecraft:bow":45,"minecraft:dark_oak_boat":6,"supplementaries:ash":8,"minecraft:oak_sapling":1,"minecraft:potato":17,"minecraft:diamond_boots":2,"minecraft:wither_skeleton_skull":1,"minecraft:birch_planks":58,"minecraft:oak_planks":18,"minecraft:stone_pickaxe":29,"farmersdelight:golden_knife":2,"minecraft:ender_pearl":1,"minecraft:wooden_pickaxe":5,"minecraft:chainmail_helmet":1,"minecraft:diamond_axe":235,"minecraft:golden_apple":6,"tombstone:scroll_of_feather_fall":1,"minecraft:cut_sandstone_slab":3,"minecraft:crafting_table":9,"minecraft:red_bed":1,"minecraft:birch_sign":3,"minecraft:crossbow":12,"minecraft:white_bed":2,"waystones:waystone":2,"minecraft:diamond_pickaxe":19,"minecraft:bread":33,"minecraft:iron_pickaxe":45,"minecraft:golden_leggings":1,"mynethersdelight:hoglin_loin":1,"minecraft:stone_axe":72,"minecraft:fishing_rod":9,"minecraft:cobblestone":9,"minecraft:potion":3,"minecraft:ice":26},"minecraft:picked_up":{"minecraft:iron_chestplate":2,"minecraft:crafting_table":6,"cataclysm:stone_tile_stairs":4,"minecraft:flower_pot":1,"minecraft:stone_slab":1,"minecraft:leather_leggings":2,"minecraft:packed_ice":2,"minecraft:stone_brick_stairs":8,"minecraft:shield":1,"minecraft:golden_sword":1,"minecraft:cornflower":1,"minecraft:red_bed":1,"minecraft:string":26,"minecraft:experience_bottle":1,"minecraft:beetroot":8,"earthmobsmod:duck_egg":1,"minecraft:gold_nugget":5,"minecraft:netherite_sword":4,"minecraft:cobbled_deepslate":3,"tombstone:scroll_of_unstable_intangibility":1,"mynethersdelight:cooked_loin":36,"minecraft:spruce_planks":1,"minecraft:beef":2,"minecraft:player_head":1,"minecraft:smooth_quartz":2,"minecraft:iron_boots":1,"minecraft:phantom_membrane":2,"minecraft:tipped_arrow":20,"minecraft:stick":8,"apotheosis:gem":1,"minecraft:torch":9,"minecraft:spruce_stairs":4,"sophisticatedbackpacks:backpack":1,"tombstone:grave_dust":11,"minecraft:redstone":1,"minecraft:golden_chestplate":1,"minecraft:dark_oak_planks":71,"minecraft:stone_sword":1,"minecraft:arrow":65,"minecraft:rotten_flesh":35,"farmersdelight:onion":1,"artifacts:snowshoes":1,"minecraft:hay_block":29,"mowziesmobs:ice_crystal":1,"supplementaries:ash":10,"cataclysm:stone_pillar":9,"minecraft:iron_bars":15,"minecraft:mutton":6,"minecraft:white_wool":2,"minecraft:cobblestone":12,"alexsmobs:bear_fur":1,"minecraft:golden_leggings":1,"minecraft:dark_oak_button":2,"minecraft:smoker":1,"minecraft:ice":27,"minecraft:dark_oak_boat":5,"minecraft:leather":18,"minecraft:birch_planks":64,"minecraft:acacia_wood":4,"minecraft:oak_log":9,"artifacts:cloud_in_a_bottle":1,"minecraft:wither_skeleton_skull":2,"minecraft:gunpowder":2,"minecraft:lapis_lazuli":7,"minecraft:dirt":82,"minecraft:cut_sandstone_slab":3,"tombstone:gift":1,"minecraft:polished_granite":1,"simplefarming:grape_seeds":2,"minecraft:bone":81,"minecraft:acacia_planks":1,"cataclysm:cursium_ingot":2,"minecraft:stone_bricks":33,"minecraft:bow":1,"minecraft:wheat_seeds":3,"delightful:mini_melon":3,"cataclysm:frosted_stone_brick_wall":4,"minecraft:iron_ingot":15,"minecraft:stone_pickaxe":1,"minecraft:diamond_helmet":1,"minecraft:glass_bottle":1,"minecraft:iron_sword":1,"minecraft:oak_planks":19,"cataclysm:frosted_stone_bricks":9,"cataclysm:cursed_eye":6,"mynethersdelight:hoglin_loin":13,"minecraft:spruce_sapling":2,"minecraft:pumpkin_seeds":1,"cataclysm:stone_tiles":6,"minecraft:nether_brick_stairs":1,"minecraft:white_bed":2,"cataclysm:black_steel_nugget":12,"minecraft:spider_eye":9,"dungeons_plus:frosted_cowl":1,"minecraft:dark_prismarine":6,"minecraft:bundle":2,"cataclysm:black_steel_sword":2,"minecraft:slime_ball":2,"waystones:waystone":4,"minecraft:crossbow":2,"minecraft:birch_sign":2,"minecraft:emerald":1,"minecraft:chainmail_helmet":1,"minecraft:oak_sapling":5,"minecraft:dark_oak_wood":2,"minecraft:coal":8,"minecraft:ender_pearl":1}},"DataVersion":3465}